-- phpMyAdmin SQL Dump
-- version 5.2.0
-- https://www.phpmyadmin.net/
--
-- Host: localhost:3306
-- Generation Time: Feb 23, 2023 at 01:05 PM
-- Server version: 8.0.30
-- PHP Version: 8.1.10

SET SQL_MODE = "NO_AUTO_VALUE_ON_ZERO";
START TRANSACTION;
SET time_zone = "+00:00";


/*!40101 SET @OLD_CHARACTER_SET_CLIENT=@@CHARACTER_SET_CLIENT */;
/*!40101 SET @OLD_CHARACTER_SET_RESULTS=@@CHARACTER_SET_RESULTS */;
/*!40101 SET @OLD_COLLATION_CONNECTION=@@COLLATION_CONNECTION */;
/*!40101 SET NAMES utf8mb4 */;

--
-- Database: `adeies`
--
DROP DATABASE IF EXISTS `adeies`;
CREATE DATABASE IF NOT EXISTS `adeies` DEFAULT CHARACTER SET utf8mb4 COLLATE utf8mb4_0900_ai_ci;
USE `adeies`;

-- --------------------------------------------------------

--
-- Table structure for table `departments`
--

DROP TABLE IF EXISTS `departments`;
CREATE TABLE `departments` (
  `iddept` int NOT NULL,
  `deptname` varchar(150) DEFAULT NULL,
  `supervisor` char(10) DEFAULT NULL
) ENGINE=InnoDB DEFAULT CHARSET=utf8mb4 COLLATE=utf8mb4_0900_ai_ci;

--
-- Dumping data for table `departments`
--

INSERT INTO `departments` (`iddept`, `deptname`, `supervisor`) VALUES
(1, 'Τμήμα Α΄ Διοικητικού', '100876930'),
(2, 'Τμήμα Β΄ Οικονομικού', '034278313'),
(3, 'Τμήμα Γ΄ Προσωπικού', '073543202'),
(4, 'Τμήμα Δ΄ Πληροφορικής και Νέων Τεχνολογιών', '302011310'),
(5, 'Τμήμα Ε΄ Εκπαιδευτικών Θεμάτων', '050525586'),
(6, 'Διευθυντής Εκπαίδευσης', '030376106'),
(7, 'Υπεύθυνος Σχολικών Δραστηριοτήτων', '030376106'),
(10, 'ΔΟΚΙΜΑΣΤΙΚΟ ΤΜΗΜΑ', '302011310');

-- --------------------------------------------------------

--
-- Table structure for table `dpe`
--

DROP TABLE IF EXISTS `dpe`;
CREATE TABLE `dpe` (
  `afm` varchar(10) CHARACTER SET utf8mb4 COLLATE utf8mb4_0900_ai_ci NOT NULL,
  `am` varchar(10) CHARACTER SET utf8mb4 COLLATE utf8mb4_0900_ai_ci DEFAULT NULL,
  `surname` varchar(20) CHARACTER SET utf8mb4 COLLATE utf8mb4_0900_ai_ci NOT NULL,
  `name` varchar(20) CHARACTER SET utf8mb4 COLLATE utf8mb4_0900_ai_ci NOT NULL,
  `fathername` varchar(20) CHARACTER SET utf8mb4 COLLATE utf8mb4_0900_ai_ci NOT NULL,
  `mobile` varchar(10) CHARACTER SET utf8mb4 COLLATE utf8mb4_0900_ai_ci DEFAULT NULL,
  `email` varchar(30) CHARACTER SET utf8mb4 COLLATE utf8mb4_0900_ai_ci NOT NULL,
  `specialtyid` varchar(10) CHARACTER SET utf8mb4 COLLATE utf8mb4_0900_ai_ci NOT NULL,
  `specialty` varchar(40) CHARACTER SET utf8mb4 COLLATE utf8mb4_0900_ai_ci NOT NULL,
  `status` varchar(50) CHARACTER SET utf8mb4 COLLATE utf8mb4_0900_ai_ci NOT NULL,
  `placement` varchar(40) CHARACTER SET utf8mb4 COLLATE utf8mb4_0900_ai_ci NOT NULL,
  `department` varchar(60) CHARACTER SET utf8mb4 COLLATE utf8mb4_0900_ai_ci NOT NULL,
  `role` int NOT NULL DEFAULT '1'
) ENGINE=InnoDB DEFAULT CHARSET=utf8mb4 COLLATE=utf8mb4_0900_ai_ci;

--
-- Dumping data for table `dpe`
--

INSERT INTO `dpe` (`afm`, `am`, `surname`, `name`, `fathername`, `mobile`, `email`, `specialtyid`, `specialty`, `status`, `placement`, `department`, `role`) VALUES
('020728864', '220194', 'ΜΕΓΓΛΑ', 'ΛΑΜΠΡΙΝΗ', 'ΜΙΧΑΗΛ', '6974304254', 'loumegl@gmail.com', 'ΠΕ1', 'ΠΕ Διοικητικός-Οικονομικός', 'Μόνιμος', 'Τοποθέτηση Διοικητικού Προσωπικού', '3', 1),
('030376106', '553426', 'ΚΑΡΑΒΑΣΙΛΗΣ', 'ΙΩΑΝΝΗΣ', 'ΙΟΡΔΑΝΗΣ', '6974495658', 'karavasilis.ioannis@gmail.com', 'ΠΕ70', 'ΔΑΣΚΑΛΟΙ', 'Μόνιμος', 'Επί Θητεία', '6', 1),
('030849370', '219176', 'ΧΡΗΣΤΟΥ', 'ΑΛΕΞΑΝΔΡΑ', 'ΝΙΚΟΛΑΟΣ', '6978079423', 'alexia_christou@yahoo.com', 'ΠΕ1', 'ΠΕ Διοικητικός-Οικονομικός', 'Μόνιμος', 'Τοποθέτηση Διοικητικού Προσωπικού', '3', 1),
('034278313', '572603', 'ΔΑΛΑΓΚΑΣ', 'ΙΩΑΝΝΗΣ', 'ΓΕΩΡΓΙΟΣ', '6938007333', 'dalxim@gmail.com', 'ΠΕ1', 'ΠΕ Διοικητικός-Οικονομικός', 'Μόνιμος', 'Τοποθέτηση Διοικητικού Προσωπικού', '2', 1),
('034430929', '', 'ΜΑΝΩΛΗΣ', 'ΔΗΜΗΤΡΙΟΣ', 'ΣΩΤΗΡΙΟΣ', '6996222222', 'dimitrismanolis6000@gmail.com', 'ΔΕ1', 'ΔΕ Διοικητικών-Γραμματέων', 'Μόνιμος', 'Τοποθέτηση Διοικητικού Προσωπικού', '4', 1),
('035743391', '604308', 'ΧΑΤΖΗΓΙΑΝΝΗ', 'ΦΩΤΕΙΝΗ', 'ΚΩΝΣΤΑΝΤΙΝΟΣ', '6937016043', 'hatzfotini@gmail.com', 'ΠΕ70', 'ΔΑΣΚΑΛΟΙ', 'Μόνιμος', 'Απόσπαση (με αίτηση - κύριος φορέας)', '3', 1),
('043101161', '178965', 'ΛΙΟΥΣΑ', 'ΒΑΙΑ', 'ΒΑΣΙΛΕΙΟΣ', '', 'vaialiousa@gmail.com', 'ΠΕ2', 'ΠΕ ΔΙΟΙΚ (προσωρινός κλάδος)', 'Μόνιμος', 'Τοποθέτηση Διοικητικού Προσωπικού', '1', 1),
('045202766', '615937', 'ΜΠΡΟΥΣΑΛΗΣ', 'ΔΗΜΗΤΡΙΟΣ', 'ΚΩΝΣΤΑΝΤΙΝΟΣ', '6945237689', 'brousal2@hotmail.com', 'ΠΕ1', 'ΠΕ Διοικητικός-Οικονομικός', 'Μόνιμος', 'Τοποθέτηση Διοικητικού Προσωπικού', '3', 1),
('049398436', '', 'ΠΑΣΧΑΛΙΔΟΥ', 'ΠΑΝΑΓΙΩΤΑ', 'ΙΩΑΝΝΗΣ', '6937588444', 'gpasx74@hotmail.com', 'ΔΕ1', 'ΔΕ Διοικητικών-Γραμματέων', 'Μόνιμος', 'Τοποθέτηση Διοικητικού Προσωπικού', '1', 1),
('050525586', '598667', 'ΚΟΝΤΟΠΟΥΛΟΣ', 'ΓΕΩΡΓΙΟΣ', 'ΝΙΚΟΛΑΟΣ', '6944753995', 'geokontop@sch.gr', 'ΠΕ70', 'ΔΑΣΚΑΛΟΙ', 'Μόνιμος', 'Επί Θητεία', '5', 1),
('050857384', '601323', 'ΣΤΑΜΑΤΗ', 'ΜΕΤΑΞΙΑ', 'ΧΡΗΣΤΟΣ', '6978881133', 'mestamat@sch.gr', 'ΠΕ70', 'ΔΑΣΚΑΛΟΙ', 'Μόνιμος', 'Απόσπαση (με αίτηση - κύριος φορέας)', '5', 1),
('051016570', '590202', 'ΠΑΠΑΦΩΤΙΟΥ', 'ΚΩΝΣΤΑΝΤΙΝΟΣ', 'ΒΑΣΙΛΕΙΟΣ', '6978898755', 'kostaspapaf1965@gmail.com', 'ΠΕ1', 'ΠΕ Διοικητικός-Οικονομικός', 'Μόνιμος', 'Τοποθέτηση Διοικητικού Προσωπικού', '5', 1),
('051527461', '189295', 'ΚΑΤΣΕΛΑ', 'ΣΤΥΛΙΑΝΗ', 'ΔΗΜΗΤΡΙΟΣ', '6945300259', 'stylianekatsela@gmail.com', 'ΠΕ1', 'ΠΕ Διοικητικός-Οικονομικός', 'Μόνιμος', 'Τοποθέτηση Διοικητικού Προσωπικού', '1', 1),
('052262925', '', 'ΣΚΟΔΡΑ', 'ΧΡΙΣΤΙΝΑ-ΑΝΑΣΤΑΣΙΑ', 'ΒΑΣΙΛΕΙΟΣ', '6986706313', 'skodra8@gmail.com', 'ΔΕ1', 'ΔΕ Διοικητικών-Γραμματέων', 'Ιδιωτικού Δικαίου Αορίστου Χρόνου (Ι.Δ.Α.Χ.)', 'Τοποθέτηση Διοικητικού Προσωπικού', '3', 1),
('052300215', '', 'ΤΣΙΡΙΚΑ', 'ΒΑΙΑ', 'ΜΑΡΓΑΡΙΤΗΣ', '', 'vtsirika@gmail.com', 'ΤΕ4', 'ΤΕ Πληροφορικής', 'Μόνιμος', 'Τοποθέτηση Διοικητικού Προσωπικού', '4', 1),
('053245453', '612567', 'ΚΟΤΣΙΡΕΑ', 'ΜΑΡΙΑ', 'ΣΩΤΗΡΙΟΣ', '6932898180', 'm.kotsirea@yahoo.gr', 'ΠΕ1', 'ΠΕ Διοικητικός-Οικονομικός', 'Μόνιμος', 'Τοποθέτηση Διοικητικού Προσωπικού', '3', 1),
('054591882', '582472', 'ΠΟΥΛΙΟΣ', 'ΙΩΑΝΝΗΣ', 'ΑΛΕΞΑΝΔΡΟΣ', '6980299164', 'serreschools@gmail.com', 'ΠΕ70', 'ΔΑΣΚΑΛΟΙ', 'Μόνιμος', 'Επί Θητεία', 'Υπεύθυνος Σχολικών Δραστηριοτήτων', 1),
('054825433', '', 'ΚΟΚΚΙΝΟΥ', 'ΕΥΑΓΓΕΛΙΑ', 'ΛΑΖΑΡΟΣ', '6948388446', 'stefania.stefanidou@yahoo.gr', 'ΤΕ1', 'ΤΕ Διοικητικός-Λογιστικός', 'Μόνιμος', 'Τοποθέτηση Διοικητικού Προσωπικού', '3', 1),
('056090942', '', 'ΓΚΟΥΒΕΝΤΑΡΗ', 'ΚΑΛΛΙΟΠΗ', 'ΓΕΩΡΓΙΟΣ', '6973689421', 'pexli2003@gmail.com', 'ΤΕ1', 'ΤΕ Διοικητικός-Λογιστικός', 'Ιδιωτικού Δικαίου Αορίστου Χρόνου (Ι.Δ.Α.Χ.)', 'Τοποθέτηση Διοικητικού Προσωπικού', '5', 1),
('061606748', '', 'ΣΤΑΜΟΥ', 'ΜΑΡΘΑ', 'ΒΑΣΙΛΕΙΟΣ', '6944374075', 'mstamou2000@gmail.com', 'ΠΕ1', 'ΠΕ Διοικητικός-Οικονομικός', 'Μόνιμος', 'Τοποθέτηση Διοικητικού Προσωπικού', '2', 1),
('061666259', '589923', 'ΤΣΑΝΟΠΟΥΛΟΥ', 'ΧΡΥΣΟΥΛΑ', 'ΙΩΑΝΝΗΣ', '6944624314', 'hrisat@gmail.com', 'ΠΕ1', 'ΠΕ Διοικητικός-Οικονομικός', 'Μόνιμος', 'Τοποθέτηση Διοικητικού Προσωπικού', '3', 1),
('062299649', '225949', 'ΔΑΛΚΙΔΟΥ', 'ΣΟΥΛΤΑΝΑ-ΣΤΥΛΙΑΝΗ', 'ΠΑΝΑΓΙΩΤΗΣ', '6945831020', 'tania.dalkidou@gmail.com', 'ΠΕ2', 'ΠΕ ΔΙΟΙΚ (προσωρινός κλάδος)', 'Μόνιμος', 'Τοποθέτηση Διοικητικού Προσωπικού', '3', 1),
('064455658', '228168', 'ΤΣΑΤΑ', 'ΜΑΡΙΑ', 'ΑΘΑΝΑΣΙΟΣ', '6944388123', 'tsatamaria@yahoo.gr', 'ΠΕ1', 'ΠΕ Διοικητικός-Οικονομικός', 'Μόνιμος', 'Τοποθέτηση Διοικητικού Προσωπικού', '3', 1),
('064530990', '', 'ΔΕΙΝΟΠΟΥΛΟΥ', 'ΑΝΑΣΤΑΣΙΑ', 'ΙΩΑΚΕΙΜ', '6942785319', 'anasdein@yahoo.gr', 'ΤΕ1', 'ΤΕ Διοικητικός-Λογιστικός', 'Μόνιμος', 'Τοποθέτηση Διοικητικού Προσωπικού', '2', 1),
('065552898', '208320', 'ΧΑΤΖΗΛΙΑΔΟΥ', 'ΧΡΥΣΑΝΘΗ', 'ΔΗΜΗΤΡΙΟΣ', '6997221021', 'xrisaxa@hotmail.com', 'ΠΕ1', 'ΠΕ Διοικητικός-Οικονομικός', 'Μόνιμος', 'Τοποθέτηση Διοικητικού Προσωπικού', '3', 1),
('066965562', '', 'ΚΟΥΓΚΟΥΛΗΣ', 'ΠΕΡΙΚΛΗΣ-ΜΑΡΚΟΣ', 'ΧΡΗΣΤΟΣ', '6945943100', 'pKougoulis@gmail.com', 'ΠΕ1', 'ΠΕ Διοικητικός-Οικονομικός', 'Μόνιμος', 'Τοποθέτηση Διοικητικού Προσωπικού', '2', 1),
('070214450', '622443', 'ΒΟΥΛΤΣΙΟΥ', 'ΜΑΓΔΑΛΗΝΗ', 'ΔΗΜΗΤΡΙΟΣ', '6977432980', 'magdawatt@gmail.com', 'ΠΕ2', 'ΠΕ ΔΙΟΙΚ (προσωρινός κλάδος)', 'Μόνιμος', 'Τοποθέτηση Διοικητικού Προσωπικού', '5', 1),
('073543202', '209347', 'ΜΑΖΝΕΙΚΟΣ', 'ΑΝΤΩΝΙΟΣ', 'ΑΘΑΝΑΣΙΟΣ', '6973553273', 'amazneikos@hotmail.com', 'ΠΕ2', 'ΠΕ ΔΙΟΙΚ (προσωρινός κλάδος)', 'Μόνιμος', 'Τοποθέτηση Διοικητικού Προσωπικού', 'Προϊστάμενος Τμήματος Γ΄ Προσωπικού', 1),
('073892600', '616071', 'ΟΡΦΑΝΛΗ', 'ΕΥΡΩΠΑΙΑ', 'ΒΑΣΙΛΕΙΟΣ', '6978516299', 'orfanli@yahoo.gr', 'ΠΕ11', 'ΦΥΣΙΚΗΣ ΑΓΩΓΗΣ', 'Μόνιμος', 'Απόσπαση (με αίτηση - κύριος φορέας)', '3', 1),
('075487350', '616072', 'ΚΑΡΑΙΒΑΝΗΣ', 'ΣΤΥΛΙΑΝΟΣ', 'ΓΕΩΡΓΙΟΣ', '6932234582', 'skaraivanis@yahoo.com', 'ΠΕ11', 'ΦΥΣΙΚΗΣ ΑΓΩΓΗΣ', 'Μόνιμος', 'Απόσπαση (με αίτηση - κύριος φορέας)', '1', 1),
('075978936', '209074', 'ΚΑΡΖΗΣ', 'ΣΠΥΡΙΔΩΝ', 'ΣΩΤΗΡΙΟΣ', '6944748243', 'spyroskarag@yahoo.gr', 'ΠΕ4', 'ΠΕ ΠΛΗΡΟΦΟΡΙΚΗΣ (προσωρινός κλάδος)', 'Μόνιμος', 'Τοποθέτηση Διοικητικού Προσωπικού', '2', 1),
('077426130', '', 'ΜΠΑΚΑ', 'ΜΑΡΙΑ', 'ΠΟΛΥΜΕΡΗΣ', '6945806962', 'mpakamarip@gmail.com', 'ΠΕ1', 'ΠΕ Διοικητικός-Οικονομικός', 'Ιδιωτικού Δικαίου Αορίστου Χρόνου (Ι.Δ.Α.Χ.)', 'Τοποθέτηση Διοικητικού Προσωπικού', '5', 1),
('100876930', '616081', 'ΔΑΣΚΑΛΑΚΗ', 'ΠΟΛΥΞΕΝΗ', 'ΣΤΕΡΓΙΟΣ', '6948304282', 'dastzeni@gmail.com', 'ΠΕ1', 'ΠΕ Διοικητικός-Οικονομικός', 'Μόνιμος', 'Τοποθέτηση Διοικητικού Προσωπικού', 'Προϊστάμενος Τμήματος Α΄ Διοικητικού', 1),
('100893600', '612526', 'ΠΕΤΡΑ', 'ΜΙΧΑΛΙΤΣΑ', 'ΔΗΜΗΤΡΙΟ', '6974712645', 'petram@sch.gr', 'ΠΕ1', 'ΠΕ Διοικητικός-Οικονομικός', 'Μόνιμος', 'Τοποθέτηση Διοικητικού Προσωπικού', '3', 1),
('100894018', '619822', 'ΠΑΠΑΝΙΚΟΛΑΟΥ', 'ΜΑΡΙΑ', 'ΝΙΚΟΛΑΟΣ', '6945804507', 'manidiva@sch.gr', 'ΠΕ1', 'ΠΕ Διοικητικός-Οικονομικός', 'Μόνιμος', 'Τοποθέτηση Διοικητικού Προσωπικού', '2', 1),
('115071441', '', 'ΜΠΟΤΙΛΙΑ', 'ΑΝΝΑ', 'ΓΕΡΑΣΙΜΟΣ', '', 'annabotilia@gmail.com', 'ΤΕ2', 'ΤΕ ΔΙΟΙΚ (προσωρινός κλάδος)', 'Μόνιμος', 'Τοποθέτηση Διοικητικού Προσωπικού', '2', 1),
('127112690', '', 'ΓΑΛΑΝΗ', 'ΜΑΓΔΑΛΗΝΗ', 'ΓΕΩΡΓΙΟΣ', '6983599689', 'magda_galani@yahoo.gr', 'ΤΕ1', 'ΤΕ Διοικητικός-Λογιστικός', 'Μόνιμος', 'Τοποθέτηση Διοικητικού Προσωπικού', '2', 1),
('127119180', '613520', 'ΔΟΥΛΓΕΡΙΔΟΥ', 'ΘΕΟΔΟΣΙΑ-ΔΗΜΗΤΡΑ', 'ΑΠΟΣΤΟΛΟΣ', '6945150138', 'doul.dim1@yahoo.gr', 'ΠΕ1', 'ΠΕ Διοικητικός-Οικονομικός', 'Μόνιμος', 'Τοποθέτηση Διοικητικού Προσωπικού', '5', 1),
('132551551', '', 'ΜΑΔΕΜΛΗΣ', 'ΚΩΝΣΤΑΝΤΙΝΟΣ', 'ΙΩΑΝΝΗΣ', '6931839312', 'stanmade123@gmail.com', 'ΠΕ1', 'ΠΕ Διοικητικός-Οικονομικός', 'Μόνιμος', 'Τοποθέτηση Διοικητικού Προσωπικού', '3', 1),
('302011310', '215714', 'ΣΑΜΟΛΑΔΑΣ', 'ΙΩΑΝΝΗΣ', 'ΜΟΣΧΟΣ', '6976624421', 'samoladas@gmail.com', 'ΠΕ3', 'ΠΕ Πληροφορικής', 'Μόνιμος', 'Τοποθέτηση Διοικητικού Προσωπικού', 'Προϊστάμενος Τμήματος Δ΄ Πληροφορικής και Νέων Τεχνολογιών', 1);

-- --------------------------------------------------------

--
-- Table structure for table `leaves`
--

DROP TABLE IF EXISTS `leaves`;
CREATE TABLE `leaves` (
  `idleaves` int NOT NULL,
  `userid` varchar(10) DEFAULT NULL,
  `protocolnum` int DEFAULT NULL,
  `protocoldate` date DEFAULT NULL,
  `leavetypeid` int DEFAULT NULL,
  `startdate` date NOT NULL,
  `days` int NOT NULL,
  `description` text NOT NULL,
  `supervisor_approved` tinyint(1) NOT NULL DEFAULT '0',
  `admin_approved` tinyint(1) NOT NULL DEFAULT '0'
) ENGINE=InnoDB DEFAULT CHARSET=utf8mb4 COLLATE=utf8mb4_0900_ai_ci;

--
-- Dumping data for table `leaves`
--

INSERT INTO `leaves` (`idleaves`, `userid`, `protocolnum`, `protocoldate`, `leavetypeid`, `startdate`, `days`, `description`, `supervisor_approved`, `admin_approved`) VALUES
(1, '111111111', 1, '2023-02-23', 14, '2023-02-23', 1, 'test', 0, 0);

-- --------------------------------------------------------

--
-- Table structure for table `leavetypes`
--

DROP TABLE IF EXISTS `leavetypes`;
CREATE TABLE `leavetypes` (
  `idleavetypes` int NOT NULL,
  `leavetype` varchar(200) CHARACTER SET utf8mb4 COLLATE utf8mb4_0900_ai_ci DEFAULT NULL
) ENGINE=InnoDB DEFAULT CHARSET=utf8mb4 COLLATE=utf8mb4_0900_ai_ci;

--
-- Dumping data for table `leavetypes`
--

INSERT INTO `leavetypes` (`idleavetypes`, `leavetype`) VALUES
(1, 'Αιμοδοτική\r\n'),
(2, 'Αιμοληψίας (σε εργάσιμη ημέρα)\r\n'),
(3, 'ΑΝΑΡΡΩΤΙΚΗ - με Γνωμάτευση Α/βάθμιας Υγειονομικής Επιτροπής\r\n'),
(4, 'ΑΝΑΡΡΩΤΙΚΗ - με Γνωμάτευση Β/βάθμιας Υγειονομικής Επιτροπής\r\n'),
(5, 'ΑΝΑΡΡΩΤΙΚΗ - με Γνωμάτευση Ειδικής Υγειονομικής Επιτροπής\r\n'),
(6, 'ΑΝΑΡΡΩΤΙΚΗ - με Γνωμάτευση Νοσοκομείου (ν.3528/2007 άρ.56)\r\n'),
(7, 'ΑΝΑΡΡΩΤΙΚΗ - με Ιατρική Γνωμάτευση\r\n'),
(8, 'ΑΝΑΡΡΩΤΙΚΗ - με Υπεύθυνη Δήλωση\r\n'),
(9, 'ΑΝΑΡΡΩΤΙΚΗ Ειδικού Σκοπού (κατόπιν οδηγιών ΕΟΔΥ) λόγω COVID-19\r\n'),
(10, 'Ανατροφής παιδιού (με πλήρεις αποδοχές)\r\n'),
(11, 'Ασθένειας τέκνου\r\n'),
(12, 'Γάμου\r\n'),
(13, 'Για επιμορφωτικούς ή επιστημονικούς λόγους\r\n'),
(14, 'Για ετήσιο γυναικολογικό έλεγχο\r\n'),
(15, 'Για παράσταση διωκομένου\r\n'),
(16, 'Για συμμετοχή σε δίκη\r\n'),
(17, 'Ειδική για Νόσημα\r\n'),
(18, 'Εξετάσεων\r\n'),
(19, 'Θανάτου (συζύγου ή συγγενούς έως και β βαθμού)\r\n'),
(20, 'Κανονική\r\n'),
(21, 'ΜΗΤΡΟΤΗΤΑΣ - Κανονική Κυοφορίας\r\n'),
(22, 'ΜΗΤΡΟΤΗΤΑΣ - Κύησης\r\n'),
(23, 'ΜΗΤΡΟΤΗΤΑΣ - Λοχείας\r\n'),
(24, 'Παρακολούθησης σχολικής επίδοσης τέκνου\r\n'),
(25, 'Πατρότητας\r\n');

-- --------------------------------------------------------

--
-- Table structure for table `users`
--

DROP TABLE IF EXISTS `users`;
CREATE TABLE `users` (
  `afm` varchar(10) CHARACTER SET utf8mb4 COLLATE utf8mb4_0900_ai_ci NOT NULL,
  `am` varchar(10) CHARACTER SET utf8mb4 COLLATE utf8mb4_0900_ai_ci DEFAULT NULL,
  `surname` varchar(20) CHARACTER SET utf8mb4 COLLATE utf8mb4_0900_ai_ci NOT NULL,
  `name` varchar(20) CHARACTER SET utf8mb4 COLLATE utf8mb4_0900_ai_ci NOT NULL,
  `fathername` varchar(20) CHARACTER SET utf8mb4 COLLATE utf8mb4_0900_ai_ci NOT NULL,
  `mobile` varchar(10) CHARACTER SET utf8mb4 COLLATE utf8mb4_0900_ai_ci DEFAULT NULL,
  `email` varchar(30) CHARACTER SET utf8mb4 COLLATE utf8mb4_0900_ai_ci NOT NULL,
  `specialtyid` varchar(10) CHARACTER SET utf8mb4 COLLATE utf8mb4_0900_ai_ci NOT NULL,
  `specialty` varchar(40) CHARACTER SET utf8mb4 COLLATE utf8mb4_0900_ai_ci NOT NULL,
  `status` varchar(50) CHARACTER SET utf8mb4 COLLATE utf8mb4_0900_ai_ci NOT NULL,
  `placement` varchar(40) CHARACTER SET utf8mb4 COLLATE utf8mb4_0900_ai_ci NOT NULL,
  `departmentid` int NOT NULL,
  `role` int NOT NULL DEFAULT '1'
) ENGINE=InnoDB DEFAULT CHARSET=utf8mb4 COLLATE=utf8mb4_0900_ai_ci;

--
-- Dumping data for table `users`
--

INSERT INTO `users` (`afm`, `am`, `surname`, `name`, `fathername`, `mobile`, `email`, `specialtyid`, `specialty`, `status`, `placement`, `departmentid`, `role`) VALUES
('020728864', '220194', 'ΜΕΓΓΛΑ', 'ΛΑΜΠΡΙΝΗ', 'ΜΙΧΑΗΛ', '6974304254', 'loumegl@gmail.com', 'ΠΕ1', 'ΠΕ Διοικητικός-Οικονομικός', 'Μόνιμος', 'Τοποθέτηση Διοικητικού Προσωπικού', 3, 1),
('030376106', '553426', 'ΚΑΡΑΒΑΣΙΛΗΣ', 'ΙΩΑΝΝΗΣ', 'ΙΟΡΔΑΝΗΣ', '6974495658', 'karavasilis.ioannis@gmail.com', 'ΠΕ70', 'ΔΑΣΚΑΛΟΙ', 'Μόνιμος', 'Επί Θητεία', 6, 3),
('030849370', '219176', 'ΧΡΗΣΤΟΥ', 'ΑΛΕΞΑΝΔΡΑ', 'ΝΙΚΟΛΑΟΣ', '6978079423', 'alexia_christou@yahoo.com', 'ΠΕ1', 'ΠΕ Διοικητικός-Οικονομικός', 'Μόνιμος', 'Τοποθέτηση Διοικητικού Προσωπικού', 3, 1),
('034278313', '572603', 'ΔΑΛΑΓΚΑΣ', 'ΙΩΑΝΝΗΣ', 'ΓΕΩΡΓΙΟΣ', '6938007333', 'dalxim@gmail.com', 'ΠΕ1', 'ΠΕ Διοικητικός-Οικονομικός', 'Μόνιμος', 'Τοποθέτηση Διοικητικού Προσωπικού', 2, 2),
('034430929', '', 'ΜΑΝΩΛΗΣ', 'ΔΗΜΗΤΡΙΟΣ', 'ΣΩΤΗΡΙΟΣ', '6996222222', 'dimitrismanolis6000@gmail.com', 'ΔΕ1', 'ΔΕ Διοικητικών-Γραμματέων', 'Μόνιμος', 'Τοποθέτηση Διοικητικού Προσωπικού', 4, 1),
('035743391', '604308', 'ΧΑΤΖΗΓΙΑΝΝΗ', 'ΦΩΤΕΙΝΗ', 'ΚΩΝΣΤΑΝΤΙΝΟΣ', '6937016043', 'hatzfotini@gmail.com', 'ΠΕ70', 'ΔΑΣΚΑΛΟΙ', 'Μόνιμος', 'Απόσπαση (με αίτηση - κύριος φορέας)', 3, 1),
('043101161', '178965', 'ΛΙΟΥΣΑ', 'ΒΑΙΑ', 'ΒΑΣΙΛΕΙΟΣ', '', 'vaialiousa@gmail.com', 'ΠΕ2', 'ΠΕ ΔΙΟΙΚ (προσωρινός κλάδος)', 'Μόνιμος', 'Τοποθέτηση Διοικητικού Προσωπικού', 1, 1),
('045202766', '615937', 'ΜΠΡΟΥΣΑΛΗΣ', 'ΔΗΜΗΤΡΙΟΣ', 'ΚΩΝΣΤΑΝΤΙΝΟΣ', '6945237689', 'brousal2@hotmail.com', 'ΠΕ1', 'ΠΕ Διοικητικός-Οικονομικός', 'Μόνιμος', 'Τοποθέτηση Διοικητικού Προσωπικού', 3, 1),
('049398436', '', 'ΠΑΣΧΑΛΙΔΟΥ', 'ΠΑΝΑΓΙΩΤΑ', 'ΙΩΑΝΝΗΣ', '6937588444', 'gpasx74@hotmail.com', 'ΔΕ1', 'ΔΕ Διοικητικών-Γραμματέων', 'Μόνιμος', 'Τοποθέτηση Διοικητικού Προσωπικού', 1, 1),
('050525586', '598667', 'ΚΟΝΤΟΠΟΥΛΟΣ', 'ΓΕΩΡΓΙΟΣ', 'ΝΙΚΟΛΑΟΣ', '6944753995', 'geokontop@sch.gr', 'ΠΕ70', 'ΔΑΣΚΑΛΟΙ', 'Μόνιμος', 'Επί Θητεία', 5, 2),
('050857384', '601323', 'ΣΤΑΜΑΤΗ', 'ΜΕΤΑΞΙΑ', 'ΧΡΗΣΤΟΣ', '6978881133', 'mestamat@sch.gr', 'ΠΕ70', 'ΔΑΣΚΑΛΟΙ', 'Μόνιμος', 'Απόσπαση (με αίτηση - κύριος φορέας)', 5, 1),
('051016570', '590202', 'ΠΑΠΑΦΩΤΙΟΥ', 'ΚΩΝΣΤΑΝΤΙΝΟΣ', 'ΒΑΣΙΛΕΙΟΣ', '6978898755', 'kostaspapaf1965@gmail.com', 'ΠΕ1', 'ΠΕ Διοικητικός-Οικονομικός', 'Μόνιμος', 'Τοποθέτηση Διοικητικού Προσωπικού', 5, 1),
('051527461', '189295', 'ΚΑΤΣΕΛΑ', 'ΣΤΥΛΙΑΝΗ', 'ΔΗΜΗΤΡΙΟΣ', '6945300259', 'stylianekatsela@gmail.com', 'ΠΕ1', 'ΠΕ Διοικητικός-Οικονομικός', 'Μόνιμος', 'Τοποθέτηση Διοικητικού Προσωπικού', 1, 1),
('052262925', '', 'ΣΚΟΔΡΑ', 'ΧΡΙΣΤΙΝΑ-ΑΝΑΣΤΑΣΙΑ', 'ΒΑΣΙΛΕΙΟΣ', '6986706313', 'skodra8@gmail.com', 'ΔΕ1', 'ΔΕ Διοικητικών-Γραμματέων', 'Ιδιωτικού Δικαίου Αορίστου Χρόνου (Ι.Δ.Α.Χ.)', 'Τοποθέτηση Διοικητικού Προσωπικού', 3, 1),
('052300215', '', 'ΤΣΙΡΙΚΑ', 'ΒΑΙΑ', 'ΜΑΡΓΑΡΙΤΗΣ', '', 'vtsirika@gmail.com', 'ΤΕ4', 'ΤΕ Πληροφορικής', 'Μόνιμος', 'Τοποθέτηση Διοικητικού Προσωπικού', 4, 1),
('053245453', '612567', 'ΚΟΤΣΙΡΕΑ', 'ΜΑΡΙΑ', 'ΣΩΤΗΡΙΟΣ', '6932898180', 'm.kotsirea@yahoo.gr', 'ΠΕ1', 'ΠΕ Διοικητικός-Οικονομικός', 'Μόνιμος', 'Τοποθέτηση Διοικητικού Προσωπικού', 3, 1),
('054591882', '582472', 'ΠΟΥΛΙΟΣ', 'ΙΩΑΝΝΗΣ', 'ΑΛΕΞΑΝΔΡΟΣ', '6980299164', 'serreschools@gmail.com', 'ΠΕ70', 'ΔΑΣΚΑΛΟΙ', 'Μόνιμος', 'Επί Θητεία', 7, 1),
('054825433', '', 'ΚΟΚΚΙΝΟΥ', 'ΕΥΑΓΓΕΛΙΑ', 'ΛΑΖΑΡΟΣ', '6948388446', 'stefania.stefanidou@yahoo.gr', 'ΤΕ1', 'ΤΕ Διοικητικός-Λογιστικός', 'Μόνιμος', 'Τοποθέτηση Διοικητικού Προσωπικού', 3, 1),
('056090942', '', 'ΓΚΟΥΒΕΝΤΑΡΗ', 'ΚΑΛΛΙΟΠΗ', 'ΓΕΩΡΓΙΟΣ', '6973689421', 'pexli2003@gmail.com', 'ΤΕ1', 'ΤΕ Διοικητικός-Λογιστικός', 'Ιδιωτικού Δικαίου Αορίστου Χρόνου (Ι.Δ.Α.Χ.)', 'Τοποθέτηση Διοικητικού Προσωπικού', 5, 1),
('061606748', '', 'ΣΤΑΜΟΥ', 'ΜΑΡΘΑ', 'ΒΑΣΙΛΕΙΟΣ', '6944374075', 'mstamou2000@gmail.com', 'ΠΕ1', 'ΠΕ Διοικητικός-Οικονομικός', 'Μόνιμος', 'Τοποθέτηση Διοικητικού Προσωπικού', 2, 1),
('061666259', '589923', 'ΤΣΑΝΟΠΟΥΛΟΥ', 'ΧΡΥΣΟΥΛΑ', 'ΙΩΑΝΝΗΣ', '6944624314', 'hrisat@gmail.com', 'ΠΕ1', 'ΠΕ Διοικητικός-Οικονομικός', 'Μόνιμος', 'Τοποθέτηση Διοικητικού Προσωπικού', 3, 1),
('062299649', '225949', 'ΔΑΛΚΙΔΟΥ', 'ΣΟΥΛΤΑΝΑ-ΣΤΥΛΙΑΝΗ', 'ΠΑΝΑΓΙΩΤΗΣ', '6945831020', 'tania.dalkidou@gmail.com', 'ΠΕ2', 'ΠΕ ΔΙΟΙΚ (προσωρινός κλάδος)', 'Μόνιμος', 'Τοποθέτηση Διοικητικού Προσωπικού', 3, 1),
('064455658', '228168', 'ΤΣΑΤΑ', 'ΜΑΡΙΑ', 'ΑΘΑΝΑΣΙΟΣ', '6944388123', 'tsatamaria@yahoo.gr', 'ΠΕ1', 'ΠΕ Διοικητικός-Οικονομικός', 'Μόνιμος', 'Τοποθέτηση Διοικητικού Προσωπικού', 3, 1),
('064530990', '', 'ΔΕΙΝΟΠΟΥΛΟΥ', 'ΑΝΑΣΤΑΣΙΑ', 'ΙΩΑΚΕΙΜ', '6942785319', 'anasdein@yahoo.gr', 'ΤΕ1', 'ΤΕ Διοικητικός-Λογιστικός', 'Μόνιμος', 'Τοποθέτηση Διοικητικού Προσωπικού', 2, 1),
('065552898', '208320', 'ΧΑΤΖΗΛΙΑΔΟΥ', 'ΧΡΥΣΑΝΘΗ', 'ΔΗΜΗΤΡΙΟΣ', '6997221021', 'xrisaxa@hotmail.com', 'ΠΕ1', 'ΠΕ Διοικητικός-Οικονομικός', 'Μόνιμος', 'Τοποθέτηση Διοικητικού Προσωπικού', 3, 1),
('066965562', '', 'ΚΟΥΓΚΟΥΛΗΣ', 'ΠΕΡΙΚΛΗΣ-ΜΑΡΚΟΣ', 'ΧΡΗΣΤΟΣ', '6945943100', 'pKougoulis@gmail.com', 'ΠΕ1', 'ΠΕ Διοικητικός-Οικονομικός', 'Μόνιμος', 'Τοποθέτηση Διοικητικού Προσωπικού', 2, 1),
('070214450', '622443', 'ΒΟΥΛΤΣΙΟΥ', 'ΜΑΓΔΑΛΗΝΗ', 'ΔΗΜΗΤΡΙΟΣ', '6977432980', 'magdawatt@gmail.com', 'ΠΕ2', 'ΠΕ ΔΙΟΙΚ (προσωρινός κλάδος)', 'Μόνιμος', 'Τοποθέτηση Διοικητικού Προσωπικού', 5, 1),
('073543202', '209347', 'ΜΑΖΝΕΙΚΟΣ', 'ΑΝΤΩΝΙΟΣ', 'ΑΘΑΝΑΣΙΟΣ', '6973553273', 'amazneikos@hotmail.com', 'ΠΕ2', 'ΠΕ ΔΙΟΙΚ (προσωρινός κλάδος)', 'Μόνιμος', 'Τοποθέτηση Διοικητικού Προσωπικού', 3, 2),
('073892600', '616071', 'ΟΡΦΑΝΛΗ', 'ΕΥΡΩΠΑΙΑ', 'ΒΑΣΙΛΕΙΟΣ', '6978516299', 'orfanli@yahoo.gr', 'ΠΕ11', 'ΦΥΣΙΚΗΣ ΑΓΩΓΗΣ', 'Μόνιμος', 'Απόσπαση (με αίτηση - κύριος φορέας)', 3, 1),
('075487350', '616072', 'ΚΑΡΑΙΒΑΝΗΣ', 'ΣΤΥΛΙΑΝΟΣ', 'ΓΕΩΡΓΙΟΣ', '6932234582', 'skaraivanis@yahoo.com', 'ΠΕ11', 'ΦΥΣΙΚΗΣ ΑΓΩΓΗΣ', 'Μόνιμος', 'Απόσπαση (με αίτηση - κύριος φορέας)', 1, 1),
('075978936', '209074', 'ΚΑΡΖΗΣ', 'ΣΠΥΡΙΔΩΝ', 'ΣΩΤΗΡΙΟΣ', '6944748243', 'spyroskarag@yahoo.gr', 'ΠΕ4', 'ΠΕ ΠΛΗΡΟΦΟΡΙΚΗΣ (προσωρινός κλάδος)', 'Μόνιμος', 'Τοποθέτηση Διοικητικού Προσωπικού', 2, 1),
('077426130', '', 'ΜΠΑΚΑ', 'ΜΑΡΙΑ', 'ΠΟΛΥΜΕΡΗΣ', '6945806962', 'mpakamarip@gmail.com', 'ΠΕ1', 'ΠΕ Διοικητικός-Οικονομικός', 'Ιδιωτικού Δικαίου Αορίστου Χρόνου (Ι.Δ.Α.Χ.)', 'Τοποθέτηση Διοικητικού Προσωπικού', 5, 1),
('100876930', '616081', 'ΔΑΣΚΑΛΑΚΗ', 'ΠΟΛΥΞΕΝΗ', 'ΣΤΕΡΓΙΟΣ', '6948304282', 'dastzeni@gmail.com', 'ΠΕ1', 'ΠΕ Διοικητικός-Οικονομικός', 'Μόνιμος', 'Τοποθέτηση Διοικητικού Προσωπικού', 1, 2),
('100893600', '612526', 'ΠΕΤΡΑ', 'ΜΙΧΑΛΙΤΣΑ', 'ΔΗΜΗΤΡΙΟ', '6974712645', 'petram@sch.gr', 'ΠΕ1', 'ΠΕ Διοικητικός-Οικονομικός', 'Μόνιμος', 'Τοποθέτηση Διοικητικού Προσωπικού', 3, 1),
('100894018', '619822', 'ΠΑΠΑΝΙΚΟΛΑΟΥ', 'ΜΑΡΙΑ', 'ΝΙΚΟΛΑΟΣ', '6945804507', 'manidiva@sch.gr', 'ΠΕ1', 'ΠΕ Διοικητικός-Οικονομικός', 'Μόνιμος', 'Τοποθέτηση Διοικητικού Προσωπικού', 2, 1),
('111111111', '1111111', 'ΔΟΚΙΜΑΣΤΙΚΟΣ', 'ΧΡΗΣΤΗΣ', '', NULL, 'user@serres', '', '', '', '', 4, 1),
('115071441', '', 'ΜΠΟΤΙΛΙΑ', 'ΑΝΝΑ', 'ΓΕΡΑΣΙΜΟΣ', '', 'annabotilia@gmail.com', 'ΤΕ2', 'ΤΕ ΔΙΟΙΚ (προσωρινός κλάδος)', 'Μόνιμος', 'Τοποθέτηση Διοικητικού Προσωπικού', 2, 1),
('127112690', '', 'ΓΑΛΑΝΗ', 'ΜΑΓΔΑΛΗΝΗ', 'ΓΕΩΡΓΙΟΣ', '6983599689', 'magda_galani@yahoo.gr', 'ΤΕ1', 'ΤΕ Διοικητικός-Λογιστικός', 'Μόνιμος', 'Τοποθέτηση Διοικητικού Προσωπικού', 2, 1),
('127119180', '613520', 'ΔΟΥΛΓΕΡΙΔΟΥ', 'ΘΕΟΔΟΣΙΑ-ΔΗΜΗΤΡΑ', 'ΑΠΟΣΤΟΛΟΣ', '6945150138', 'doul.dim1@yahoo.gr', 'ΠΕ1', 'ΠΕ Διοικητικός-Οικονομικός', 'Μόνιμος', 'Τοποθέτηση Διοικητικού Προσωπικού', 5, 1),
('132551551', '', 'ΜΑΔΕΜΛΗΣ', 'ΚΩΝΣΤΑΝΤΙΝΟΣ', 'ΙΩΑΝΝΗΣ', '6931839312', 'stanmade123@gmail.com', 'ΠΕ1', 'ΠΕ Διοικητικός-Οικονομικός', 'Μόνιμος', 'Τοποθέτηση Διοικητικού Προσωπικού', 3, 1),
('222222222', '222222', 'ΔΟΚΙΜΑΣΤΙΚΟΣ', 'ΠΡΟΪΣΤΑΜΕΝΟΣ', '', NULL, 'super@serres', '', '', '', '', 4, 2),
('302011310', '215714', 'ΣΑΜΟΛΑΔΑΣ', 'ΙΩΑΝΝΗΣ', 'ΜΟΣΧΟΣ', '6976624421', 'samoladas@gmail.com', 'ΠΕ3', 'ΠΕ Πληροφορικής', 'Μόνιμος', 'Τοποθέτηση Διοικητικού Προσωπικού', 4, 2),
('333333333', '333333', 'ΔΟΚΙΜΑΣΤΙΚΟΣ', 'ΔΙΕΥΘΥΝΤΗΣ', '', NULL, 'admin@serres', '', '', '', '', 4, 3);

--
-- Indexes for dumped tables
--

--
-- Indexes for table `departments`
--
ALTER TABLE `departments`
  ADD PRIMARY KEY (`iddept`),
  ADD KEY `SUPERVISOR` (`supervisor`);

--
-- Indexes for table `dpe`
--
ALTER TABLE `dpe`
  ADD PRIMARY KEY (`afm`);
ALTER TABLE `dpe` ADD FULLTEXT KEY `department` (`department`);

--
-- Indexes for table `leaves`
--
ALTER TABLE `leaves`
  ADD PRIMARY KEY (`idleaves`),
  ADD KEY `leavetype_idx` (`leavetypeid`),
  ADD KEY `employeeid_idx` (`userid`) USING BTREE;

--
-- Indexes for table `leavetypes`
--
ALTER TABLE `leavetypes`
  ADD PRIMARY KEY (`idleavetypes`);

--
-- Indexes for table `users`
--
ALTER TABLE `users`
  ADD PRIMARY KEY (`afm`),
  ADD KEY `DEPARTMENT_ID` (`departmentid`);

--
-- AUTO_INCREMENT for dumped tables
--

--
-- AUTO_INCREMENT for table `departments`
--
ALTER TABLE `departments`
  MODIFY `iddept` int NOT NULL AUTO_INCREMENT, AUTO_INCREMENT=12;

--
-- AUTO_INCREMENT for table `leaves`
--
ALTER TABLE `leaves`
  MODIFY `idleaves` int NOT NULL AUTO_INCREMENT, AUTO_INCREMENT=2;

--
-- AUTO_INCREMENT for table `leavetypes`
--
ALTER TABLE `leavetypes`
  MODIFY `idleavetypes` int NOT NULL AUTO_INCREMENT, AUTO_INCREMENT=26;

--
-- Constraints for dumped tables
--

--
-- Constraints for table `departments`
--
ALTER TABLE `departments`
  ADD CONSTRAINT `SUPERVISOR` FOREIGN KEY (`supervisor`) REFERENCES `users` (`afm`) ON DELETE CASCADE ON UPDATE CASCADE;

--
-- Constraints for table `leaves`
--
ALTER TABLE `leaves`
  ADD CONSTRAINT `LEAVETYPE` FOREIGN KEY (`leavetypeid`) REFERENCES `leavetypes` (`idleavetypes`) ON DELETE CASCADE ON UPDATE CASCADE,
  ADD CONSTRAINT `USERID` FOREIGN KEY (`userid`) REFERENCES `users` (`afm`) ON DELETE CASCADE ON UPDATE CASCADE;

--
-- Constraints for table `users`
--
ALTER TABLE `users`
  ADD CONSTRAINT `DEPARTMENT_ID` FOREIGN KEY (`departmentid`) REFERENCES `departments` (`iddept`) ON DELETE RESTRICT ON UPDATE RESTRICT;
COMMIT;

/*!40101 SET CHARACTER_SET_CLIENT=@OLD_CHARACTER_SET_CLIENT */;
/*!40101 SET CHARACTER_SET_RESULTS=@OLD_CHARACTER_SET_RESULTS */;
/*!40101 SET COLLATION_CONNECTION=@OLD_COLLATION_CONNECTION */;
